{"cameraMode":{"drawMode":0,"name":"Shaded","section":"Shading Mode"},"sceneLighting":false,"audioPlay":false,"sceneViewState":{"showFog":true,"showMaterialUpdate":false,"showSkybox":true,"showFlares":true,"showImageEffects":true,"showParticleSystems":true},"in2DMode":false,"pivot":{"x":10.429579734802246,"y":-9.991363525390625,"z":7.234682083129883},"rotation":{"x":-0.10948866605758667,"y":0.5907884836196899,"z":-0.08134200423955918,"w":-0.7952136993408203},"size":3.525163173675537,"orthographic":false}