{"cameraMode":{"drawMode":0,"name":"Shaded","section":"Shading Mode"},"sceneLighting":false,"audioPlay":false,"sceneViewState":{"showFog":true,"showMaterialUpdate":false,"showSkybox":true,"showFlares":true,"showImageEffects":true,"showParticleSystems":true},"in2DMode":false,"pivot":{"x":10.395472526550293,"y":-10.960554122924805,"z":8.619834899902344},"rotation":{"x":0.347507119178772,"y":-0.06518389284610748,"z":0.02422465570271015,"w":0.9350952506065369},"size":4.16746711730957,"orthographic":false}