{"cameraMode":{"drawMode":0,"name":"Shaded","section":"Shading Mode"},"sceneLighting":false,"audioPlay":false,"sceneViewState":{"showFog":true,"showMaterialUpdate":false,"showSkybox":true,"showFlares":true,"showImageEffects":true,"showParticleSystems":true},"in2DMode":false,"pivot":{"x":-5.14775276184082,"y":13.034799575805664,"z":-2.7518951892852785},"rotation":{"x":-0.2399909943342209,"y":-0.6611167192459106,"z":0.23670312762260438,"w":-0.6702989935874939},"size":3.5736148357391359,"orthographic":false}