{"cameraMode":{"drawMode":0,"name":"Shaded","section":"Shading Mode"},"sceneLighting":false,"audioPlay":false,"sceneViewState":{"showFog":true,"showMaterialUpdate":false,"showSkybox":true,"showFlares":true,"showImageEffects":true,"showParticleSystems":true},"in2DMode":false,"pivot":{"x":-5.171615123748779,"y":13.550493240356446,"z":-2.6595499515533449},"rotation":{"x":-0.1658392995595932,"y":-0.6628835797309876,"z":0.15403176844120027,"w":-0.7136924862861633},"size":4.99810791015625,"orthographic":false}