{"cameraMode":{"drawMode":0,"name":"Shaded","section":"Shading Mode"},"sceneLighting":false,"audioPlay":false,"sceneViewState":{"showFog":true,"showMaterialUpdate":false,"showSkybox":true,"showFlares":true,"showImageEffects":true,"showParticleSystems":true},"in2DMode":false,"pivot":{"x":-0.19818782806396485,"y":-0.04991006851196289,"z":8.251822471618653},"rotation":{"x":0.2722196578979492,"y":0.6540535092353821,"z":-0.27368924021720889,"w":0.6505418419837952},"size":22.0,"orthographic":false}